{"version": 1, "battery_energy_in_wh": 57393.52967659096, "battery_energy_out_wh": 62507.24559695697, "pv_energy_wh": 111365.14345448863, "load_energy_wh": 76693.75333368761, "grid_energy_in_wh": 0.0, "grid_energy_out_wh": 0.0}